"feature","Estimate_group","pvalue","fdr","sign_group","method","vs","fold_change","log2FC"
"__","Group",0.335877199365876,0.798619280072215,"IBS_after","Wilcoxon rank sum test with continuity correction","IBS_before vs IBS_after",0.883061890536269,-0.179413540319729
"s__","Group",1,1,"IBS_before","Wilcoxon rank sum test with continuity correction","IBS_before vs IBS_after",1.06229445331355,0.087183716664262
"s__ramosum","Group",0.605132430877259,0.798619280072215,"IBS_before","Wilcoxon rank sum test with continuity correction","IBS_before vs IBS_after",1000,9.96578428466209
"s__prausnitzii","Group",0.246026188519756,0.798619280072215,"IBS_after","Wilcoxon rank sum test with continuity correction","IBS_before vs IBS_after",0.501344086021505,-0.996126990852794
"s__gnavus","Group",0.374950978819314,0.798619280072215,"IBS_after","Wilcoxon rank sum test with continuity correction","IBS_before vs IBS_after",0.877185820235422,-0.189045603944462
"s__distasonis","Group",0.197221036807219,0.798619280072215,"IBS_after","Wilcoxon rank sum test with continuity correction","IBS_before vs IBS_after",0.365455893254262,-1.45223079657036
"s__formicilis","Group",0.153999069326564,0.798619280072215,"IBS_after","Wilcoxon rank sum test with continuity correction","IBS_before vs IBS_after",0.336633663366337,-1.57074864150146
"s__mucilaginosa","Group",0.368039106793178,0.798619280072215,"IBS_before","Wilcoxon rank sum test with continuity correction","IBS_before vs IBS_after",1000,9.96578428466209
"s__lenta","Group",0.562593499683081,0.798619280072215,"IBS_before","Wilcoxon rank sum test with continuity correction","IBS_before vs IBS_after",1000,9.96578428466209
"s__helveticus","Group",0.66685049882537,0.798619280072215,"IBS_before","Wilcoxon rank sum test with continuity correction","IBS_before vs IBS_after",1000,9.96578428466209
"s__copri","Group",0.401224121664207,0.798619280072215,"IBS_before","Wilcoxon rank sum test with continuity correction","IBS_before vs IBS_after",1000,9.96578428466209
"s__muciniphila","Group",0.826730801560142,0.847929027241171,"IBS_before","Wilcoxon rank sum test with continuity correction","IBS_before vs IBS_after",6.5984534658934,2.7221279277233
"s__ovatus","Group",0.325904890906269,0.798619280072215,"IBS_before","Wilcoxon rank sum test with continuity correction","IBS_before vs IBS_after",1000,9.96578428466209
"s__fragilis","Group",0.435804152757697,0.798619280072215,"IBS_before","Wilcoxon rank sum test with continuity correction","IBS_before vs IBS_after",1000,9.96578428466209
"s__longicatena","Group",0.576477849286179,0.798619280072215,"IBS_before","Wilcoxon rank sum test with continuity correction","IBS_before vs IBS_after",1000,9.96578428466209
"s__longum","Group",0.576507138400612,0.798619280072215,"IBS_before","Wilcoxon rank sum test with continuity correction","IBS_before vs IBS_after",1.11321776814735,0.154735840923271
"s__adolescentis","Group",0.30577846927142,0.798619280072215,"IBS_before","Wilcoxon rank sum test with continuity correction","IBS_before vs IBS_after",1000,9.96578428466209
"s__D168","Group",0.700756340591427,0.798619280072215,"IBS_before","Wilcoxon rank sum test with continuity correction","IBS_before vs IBS_after",1000,9.96578428466209
"s__parainfluenzae","Group",0.103569211858719,0.798619280072215,"IBS_after","Wilcoxon rank sum test with continuity correction","IBS_before vs IBS_after",0.196028630801201,-2.35086371351453
"s__viridiflava","Group",0.75291967124243,0.813967212153979,"IBS_after","Wilcoxon rank sum test with continuity correction","IBS_before vs IBS_after",0.905164319248826,-0.143748378883239
"s__dispar","Group",0.346666364062933,0.798619280072215,"IBS_before","Wilcoxon rank sum test with continuity correction","IBS_before vs IBS_after",1000,9.96578428466209
"s__aerofaciens","Group",0.129155194888383,0.798619280072215,"IBS_after","Wilcoxon rank sum test with continuity correction","IBS_before vs IBS_after",0.390282873712865,-1.35740793867372
"s__plebeius","Group",0.0700316722423607,0.798619280072215,"IBS_after","Wilcoxon rank sum test with continuity correction","IBS_before vs IBS_after",0.170900402414487,-2.54877230079489
"s__producta","Group",0.650753082371407,0.798619280072215,"IBS_before","Wilcoxon rank sum test with continuity correction","IBS_before vs IBS_after",1000,9.96578428466209
"s__yabuuchiae","Group",0.496762106631292,0.798619280072215,"IBS_before","Wilcoxon rank sum test with continuity correction","IBS_before vs IBS_after",1000,9.96578428466209
"s__bromii","Group",0.105298679172118,0.798619280072215,"IBS_after","Wilcoxon rank sum test with continuity correction","IBS_before vs IBS_after",0.201437363182025,-2.31159679149299
"s__biforme","Group",0.683491969020774,0.798619280072215,"IBS_before","Wilcoxon rank sum test with continuity correction","IBS_before vs IBS_after",1000,9.96578428466209
"s__reuteri","Group",0.718751363575506,0.798619280072215,"IBS_before","Wilcoxon rank sum test with continuity correction","IBS_before vs IBS_after",1000,9.96578428466209
"s__uniformis","Group",0.346644699139054,0.798619280072215,"IBS_before","Wilcoxon rank sum test with continuity correction","IBS_before vs IBS_after",1000,9.96578428466209
"s__caccae","Group",0.0576997820205047,0.798619280072215,"IBS_after","Wilcoxon rank sum test with continuity correction","IBS_before vs IBS_after",0.223386832623649,-2.16238394518261
"s__formicigenerans","Group",0.397487928954728,0.798619280072215,"IBS_after","Wilcoxon rank sum test with continuity correction","IBS_before vs IBS_after",0.518059972739664,-0.948808975033803
"s__obeum","Group",0.66685049882537,0.798619280072215,"IBS_before","Wilcoxon rank sum test with continuity correction","IBS_before vs IBS_after",1000,9.96578428466209
"s__torques","Group",0.576472750299722,0.798619280072215,"IBS_before","Wilcoxon rank sum test with continuity correction","IBS_before vs IBS_after",1000,9.96578428466209
"s__eutactus","Group",0.0989178166234217,0.798619280072215,"IBS_after","Wilcoxon rank sum test with continuity correction","IBS_before vs IBS_after",0.640163562017265,-0.643487533581921
"s__parvula","Group",0.329506012876109,0.798619280072215,"IBS_before","Wilcoxon rank sum test with continuity correction","IBS_before vs IBS_after",9.70422535211268,3.27861305319961
"s__palleronii","Group",0.522441050040782,0.798619280072215,"IBS_before","Wilcoxon rank sum test with continuity correction","IBS_before vs IBS_after",1000,9.96578428466209
"s__mucosae","Group",0.801851540175932,0.84405425281677,"IBS_before","Wilcoxon rank sum test with continuity correction","IBS_before vs IBS_after",1000,9.96578428466209
"s__putredinis","Group",0.605132430877259,0.798619280072215,"IBS_before","Wilcoxon rank sum test with continuity correction","IBS_before vs IBS_after",1000,9.96578428466209
"s__citroniae","Group",0.718757352064994,0.798619280072215,"IBS_before","Wilcoxon rank sum test with continuity correction","IBS_before vs IBS_after",1000,9.96578428466209
"s__bifidum","Group",0.683491969020774,0.798619280072215,"IBS_before","Wilcoxon rank sum test with continuity correction","IBS_before vs IBS_after",1000,9.96578428466209
